{
  "project_info": {
    "project_number": "774221210771",
    "firebase_url": "https://textdetectormlkit-master-26454.firebaseio.com",
    "project_id": "textdetectormlkit-master-26454",
    "storage_bucket": "textdetectormlkit-master-26454.appspot.com"
  },
  "client": [
    {
      "client_info": {
        "mobilesdk_app_id": "1:774221210771:android:944c077496f46be0",
        "android_client_info": {
          "package_name": "com.example.ashwin.textdetector"
        }
      },
      "oauth_client": [
        {
          "client_id": "774221210771-2vjhmg0pti6841k3hqsmuoo4pd9vvk9c.apps.googleusercontent.com",
          "client_type": 1,
          "android_info": {
            "package_name": "com.example.ashwin.textdetector",
            "certificate_hash": "f00a1eca415f8d4903168dfd373c01e72b6b70bb"
          }
        },
        {
          "client_id": "774221210771-k43lcvepca9ncmu9ok2lq8gqc9ipn9ja.apps.googleusercontent.com",
          "client_type": 3
        }
      ],
      "api_key": [
        {
          "current_key": "AIzaSyATM0kk7-8SKNYBnXt3sEUDNFPB4eC4TJQ"
        }
      ],
      "services": {
        "appinvite_service": {
          "other_platform_oauth_client": [
            {
              "client_id": "774221210771-k43lcvepca9ncmu9ok2lq8gqc9ipn9ja.apps.googleusercontent.com",
              "client_type": 3
            }
          ]
        }
      }
    }
  ],
  "configuration_version": "1"
}